﻿<?xml version="1.0" encoding="utf-8" ?>
<tile>
  <visual>
    <binding template="TileSmall" displayName="Todos">
      <text>Title</text>
      <text>descri ption</text>
      <text>data</text>
    </binding>
    <binding template="TileMedium" displayName="Todos">
        <text>Title</text>
        <text>description</text>
        <text>data</text>
    </binding>
    <binding template="TileWide" displayName="Todos">
      <text>Title</text>
      <text>description</text>
      <text>data</text>
    </binding>
  </visual>
</tile>

